epoch,training,testing
1,3.3646,3.098
2,3.0155,2.9743
3,2.9267,2.92179
4,2.8824,2.89777
5,2.856,2.877
6,2.8318,2.8585
7,2.8131,2.8672
